"Product ID";Image;Nom;Référence;Catégorie;"Montant HT";"Montant TTC";Quantité;État;Position
234;https://pl.checkmy.dev/423/crochet-hydraulique-lhh-4500.jpg;"Crochet hydraulique LHH-4500";LHH-4500;"Matériel de levage";1948.000000;2337.6;0;1
232;https://pl.checkmy.dev/421/grappin-sht-capacite-sht-250l-5-dents-grappin-sht-capacite-sht-250l-5-dents-0.jpg;"Grappin SHT - Capacité - SHT 250L 5 dents";SHT255;ndk_advanced_custom_fields;5735.000000;6882;0;1
231;https://pl.checkmy.dev/420/benne-bdv.jpg;"Benne preneuse BDV";;"Matériel de levage";0.000000;5289.6;0;1
227;https://pl.checkmy.dev/415/patin-rond.jpg;"Patin rond";;Stabilisateurs;0.000000;274.2;0;1
226;https://pl.checkmy.dev/413/grappin-sht.jpg;"Grappin SHT";;Accueil;0.000000;6360;0;1
225;https://pl.checkmy.dev/411/pince-parpaings-gfc.jpg;"Pince parpaings GFC";;"Matériel de levage";0.000000;4992;0;1
221;https://pl.checkmy.dev/397/benne-de-reprise-kb.jpg;"Benne de reprise KB";;"Matériel de levage";0.000000;0;0;1
220;https://pl.checkmy.dev/396/benne-kst.jpg;"Benne KST";;Accueil;0.000000;0;0;1
219;https://pl.checkmy.dev/395/benne-immergeable-ggeg.jpg;"Benne immergeable GGEG";;"Bennes & grappins";0.000000;0;0;1
217;https://pl.checkmy.dev/387/indexator-gv17s.jpg;"Indexator GV17S";GV17S;Rotators;2690.000000;3228;0;1
216;https://pl.checkmy.dev/386/indexator-gv14s.jpg;"Indexator GV14S";GV14S;Rotators;3902.000000;4682.4;0;1
215;https://pl.checkmy.dev/385/indexator-gv12.jpg;"Indexator GV12";GV12;Rotators;2200.000000;2640;0;1
214;https://pl.checkmy.dev/384/indexator-gv6.jpg;"Indexator GV6";GV6;Rotators;2796.000000;3355.2;0;1
212;https://pl.checkmy.dev/383/gv-3-49525.jpg;"Indexator GV4K";GV4k;Rotators;2015.000000;2418;0;1
211;https://pl.checkmy.dev/381/pince-demolition-gzp.jpg;"Pince démolition GZP";GZP6;Accueil;10310.000000;12372;0;1
210;https://pl.checkmy.dev/390/grappin-shmz.jpg;"Grappin SHMZ";;Accueil;0.000000;4776;0;1
209;https://pl.checkmy.dev/391/benne-preneuse-goa.jpg;"Benne preneuse GOA";;Accueil;0.000000;2268;0;1
208;https://pl.checkmy.dev/409/benne-preneuse-gie.jpg;"Benne preneuse GIE";;Accueil;0.000000;16740;0;1
207;https://pl.checkmy.dev/392/benne-preneuse-go.jpg;"Benne preneuse GO";;Accueil;0.000000;2400;0;1
202;https://pl.checkmy.dev/406/grappin-shm.jpg;"Grappin SHM";;Accueil;0.000000;3216;0;1
200;https://pl.checkmy.dev/369/cr-600-w35f173.jpg;"CR 600-W35F173";CR-600-W35F173;Accueil;1480.000000;1776;0;1
199;https://pl.checkmy.dev/368/cr-600-x35a35d78.jpg;"CR 600-X35A35D78";CR-600-X35A35D78;Accueil;1250.000000;1500;0;1
198;https://pl.checkmy.dev/367/cr-500-w30a30-222.jpg;"CR 500-W30A30-222";CR-500-W30A30-222;Accueil;1095.000000;1314;0;1
197;https://pl.checkmy.dev/366/cr-400-w25a30.jpg;"CR 400-W25A30-222";CR-400-W25A30;Accueil;650.000000;780;0;1
195;https://pl.checkmy.dev/365/cr-300-w25a25-222.jpg;"CR 300-W25A25-222";CR-300-W25A25-222;Accueil;757.000000;908.4;0;1
194;https://pl.checkmy.dev/408/grabit-pour-chariot-elevateur.jpg;"Grabit pour chariot élévateur";GRABIT2;Accueil;2390.000000;2868;0;1
192;https://pl.checkmy.dev/407/grappin-she.jpg;"Grappin SHE";;Accueil;0.000000;8664;0;1
191;https://pl.checkmy.dev/362/attache-rapide-rotaq.jpg;"Attache rapide Rotaq";;Accueil;0.000000;7848;0;1
189;https://pl.checkmy.dev/412/grappin-a-bois-credox.jpg;"Grappin à grume CREDOX";;"Matériel de levage";0.000000;1044;0;1
188;https://pl.checkmy.dev/393/grappin-shz-.jpg;"Grappin SHZ";;Accueil;0.000000;5472;0;1
187;https://pl.checkmy.dev/402/rbox-bakker.jpg;"Benne RBOX";;Accueil;0.000000;4908;0;1
186;https://pl.checkmy.dev/405/vide-conteneur-gejo-01.jpg;"Vide conteneur Gejo 01";GEJO01;Accueil;7851.000000;9421.2;10;0
185;https://pl.checkmy.dev/404/ks.jpg;"KS benne multi-usages";;Accueil;0.000000;4195.2;0;1
184;https://pl.checkmy.dev/401/bdvez.jpg;"Benne BDVEZ";;Accueil;0.000000;7053.6;0;1
179;https://pl.checkmy.dev/337/bride-451-14.jpg;"Bride 45°1''1/4";;Hydraulique;60.200000;72.24;0;1
178;https://pl.checkmy.dev/336/bride-droite-3-.jpg;"Bride droite 3''";3783523;Hydraulique;100.000000;120;0;1
177;https://pl.checkmy.dev/335/bride-1-12.jpg;"Bride 1''1/2";3780635;Hydraulique;54.000000;64.8;0;1
176;https://pl.checkmy.dev/334/bride-135-2-.jpg;"Bride 135° 2''";3781867;Hydraulique;67.000000;80.4;0;1
175;https://pl.checkmy.dev/332/bride-90-2-12.jpg;"Bride 90° 2''";3780979;Hydraulique;62.250000;74.7;0;1
174;https://pl.checkmy.dev/330/bride-90-2-12.jpg;"Bride 90° 2''1/2";3781980;Hydraulique;67.250000;80.7;0;1
173;https://pl.checkmy.dev/328/bride-45.jpg;"Bride 45° 2''";3780634;Hydraulique;47.000000;56.4;0;1
171;https://pl.checkmy.dev/325/bride-45.jpg;"Bride 45° 2''1/2";3780634;Hydraulique;63.000000;75.6;0;1
170;https://pl.checkmy.dev/324/bride-droite-2-.jpg;"Bride droite 2''";37800636;Hydraulique;60.000000;72;0;1
168;https://pl.checkmy.dev/322/bride-droite-2-12.jpg;"Bride droite 2''1/2";3780637;Hydraulique;60.000000;72;0;1
163;https://pl.checkmy.dev/318/kit-retrofit-complet.jpg;"Kit retrofit HRA-000697";HRA-000697;Hydraulique;4800.000000;5760;0;1
162;https://pl.checkmy.dev/314/kit-retrofit-complet.jpg;"Kit retrofit HRA-000545";HRA-000545;Hydraulique;4400.000000;5280;0;1
161;https://pl.checkmy.dev/313/leve-palettes-larg-et-haut-reglable.jpg;"Lève palettes Larg et Haut réglable 2T";RLH20;Manutention;998.000000;1197.6;0;1
160;https://pl.checkmy.dev/311/cale.jpg;"Cale de roue";;Manutention;0.000000;20.28;0;1
159;https://pl.checkmy.dev/306/kit-retrofit-complet.jpg;"Kit retrofit HRA-000547";HRA-000547;Accueil;5200.000000;6240;0;1
156;https://pl.checkmy.dev/312/leve-palettes-larg-et-haut-reglable.jpg;"Lève palettes Larg et Haut réglable 1.5T";RLH15;Manutention;960.000000;1152;0;1
155;https://pl.checkmy.dev/292/leve-palette-a-fourche-larg-reglable.jpg;"Lève palette à fourche larg réglable";RL15;Manutention;900.000000;2148;0;1
153;https://pl.checkmy.dev/295/fourche-leve-palette-telescopique.jpg;"Lève palette télescopique";;Manutention;0.000000;1680;0;1
152;https://pl.checkmy.dev/288/camera-vbv-700c.jpg;"Camera VBV-700C";;Accueil;250.000000;300;0;1
150;https://pl.checkmy.dev/275/pack-recepteur-telecommande-8-boutons.jpg;"Pack récepteur + télécommande 8 boutons";G5R108;"Equipements électronique";460.000000;552;0;1
149;https://pl.checkmy.dev/273/pack-recepteur-telecommande-6-boutons.jpg;"Pack récepteur + télécommande 6 boutons";G5R106;"Equipements électronique";418.000000;501.6;0;1
148;https://pl.checkmy.dev/271/pack-recepteur-telecommande-4-bouton.jpg;"Pack Récepteur + télécommande 4 bouton";G5R104;"Equipements électronique";410.000000;492;0;1
145;https://pl.checkmy.dev/270/pack-recepteur-telecommande-3-boutons.jpg;"Pack recepteur + telecommande 3 boutons";G5R53;Accueil;300.000000;360;0;1
144;https://pl.checkmy.dev/266/support-d-epaule.jpg;"Support d'épaule";;"Equipements électronique";480.000000;576;0;1
143;https://pl.checkmy.dev/265/harnais.jpg;Harnais;;"Equipements électronique";144.000000;172.8;0;1
142;https://pl.checkmy.dev/264/sangle-bandouliere.jpg;"Sangle bandoulière";;"Equipements électronique";79.400000;95.28;0;1
141;https://pl.checkmy.dev/263/ceinture-.jpg;"Ceinture fixe";;"Equipements électronique";84.800000;101.76;0;1
140;https://pl.checkmy.dev/262/ceinture-coulissante.jpg;"Ceinture coulissante";2506828;"Equipements électronique";294.000000;352.8;0;1
139;https://pl.checkmy.dev/261/chargeur-batterie-10-30vdc-.jpg;"Chargeur Batterie 10-30VDC";1850117;"Equipements électronique";173.000000;207.6;0;1
138;https://pl.checkmy.dev/259/chargeur-batterie-10-30vdc-allume-cigare.jpg;"Chargeur Batterie 10-30VDC allume-cigare";1850118;"Equipements électronique";190.000000;228;0;1
137;https://pl.checkmy.dev/258/batterie-2000mah-scanreco.jpg;"Batterie 2000mAh Scanreco";1850111;"Equipements électronique";74.000000;88.8;0;1
136;https://pl.checkmy.dev/256/recepteur.jpg;Récepteur;;"Equipements électronique";0.000000;336;0;1
135;https://pl.checkmy.dev/254/gamme-g5-pocket.jpg;"Gamme G5-Pocket";;"Equipements électronique";0.000000;102;0;1
134;https://pl.checkmy.dev//cale-de-roue-plastique-.jpg;"Cale de roue";4884021;Manutention;0.000000;23.86;0;1
133;https://pl.checkmy.dev/248/centrale-de-benne-24v-filaire.jpg;"Centrale 24v";CENTB2420009LPH+KB;Hydraulique;460.000000;552;0;1
132;https://pl.checkmy.dev/250/centrale-de-benne-24v.jpg;"Centrale 24v";CENTB24200009LPH;Hydraulique;440.000000;528;0;1
131;https://pl.checkmy.dev/249/centrale-de-benne-12v-filaire.jpg;"Centrale 12v filaire";CENTB12180009LPH+KB;Hydraulique;460.000000;552;0;1
130;https://pl.checkmy.dev/247/centrale-de-benne-12v.jpg;"Centrale de benne 12v";CENTB12180009LPH;Hydraulique;440.000000;528;0;1
129;https://pl.checkmy.dev/187/alarme-de-recul-bbstek.jpg;"Alarme de recul BBStek";;"Equipements électronique";0.000000;132;0;1
128;https://pl.checkmy.dev/186/kit-camera-360-.jpg;"Kit caméra 360°";5379;Accueil;1500.000000;1800;0;1
127;https://pl.checkmy.dev/182/radar-de-recul-bs-7030.jpg;"Radar de recul BS-7030";;"Equipements électronique";0.000000;876;0;1
126;https://pl.checkmy.dev/181/kit-camera-moniteur-7-vbv-770-00.jpg;"Kit Caméra + moniteur 7'' VBV-770-00";4692B;Accueil;434.000000;520.8;0;1
124;https://pl.checkmy.dev/297/potence-de-levage-avec-palan-electrique-250kg.jpg;"Potence électrique 250Kg";P250EL;Manutention;2766.000000;3319.2;0;1
123;https://pl.checkmy.dev/298/potence-de-levage-hydraulique-500kg.jpg;"Potence Hydraulique 500Kg";PH500;Accueil;2240.000000;2688;0;1
121;https://pl.checkmy.dev/378/verin-tmk200-turbo-.jpg;"Collecteur bloquant";tmkcollecteur;Accueil;1650.000000;1980;0;1
120;https://pl.checkmy.dev/376/tmk-300.jpg;"TMK 300";tmk300;Excavatrice;5650.000000;6780;0;1
119;https://pl.checkmy.dev/377/tmk-400.jpg;"TMK 400";tmk400;"Bennes & grappins";9100.000000;10920;0;1
118;https://pl.checkmy.dev/375/tmk-200.jpg;"TMK 200";tmk200;Accueil;4150.000000;4980;0;1
117;https://pl.checkmy.dev/157/spirax-s2-a-80w90-20l.jpg;"SPIRAX S2 A 80W90 20L";3513;Entretien;71.000000;85.2;0;1
116;https://pl.checkmy.dev/158/spirax-s2-a-80w90-209l.jpg;"SPIRAX S2 A 80W90 209L";6952;Entretien;600.000000;720;0;1
115;https://pl.checkmy.dev/155/rimula-r4-l-15w40-20l.jpg;"RIMULA R4 L 15W40 20L";4472;Entretien;70.000000;84;0;1
114;https://pl.checkmy.dev/154/rimula-r4-l-15w40-209l.jpg;"RIMULA R4 L 15W40 209L";3481;Accueil;570.000000;684;0;1
113;https://pl.checkmy.dev/153/-rimula-r5-le-10w40-20l.jpg;"RIMULA R5 LE 10W40 20L";8149;Accueil;79.000000;94.8;0;1
112;https://pl.checkmy.dev/152/rimula-r5-le-10w40-209l.jpg;"RIMULA R5 LE 10W40 209L";6577;Entretien;670.000000;804;0;1
111;https://pl.checkmy.dev/151/d-dubgrease-mo-tambour-50kg.jpg;"D-DUBGREASE MO Tambour 50Kg";658;Entretien;233.333333;280;0;1
110;https://pl.checkmy.dev/150/graisse-dubgrease-ep2-verte-50kg.jpg;"Graisse DUBGREASE EP2 VERTE 50kg";645;Entretien;190.000000;228;0;1
109;https://pl.checkmy.dev/149/graisse-dubgrease-ep2-verte-24x04kg.jpg;"Graisse Dubgrease ep2 verte 24x0.4Kg";8047;Entretien;57.500000;69;0;1
108;https://pl.checkmy.dev/148/tellus-s2-vx-46-209l.jpg;"TELLUS S2 VX 46 209L";6919;Accueil;510.000000;612;0;1
107;https://pl.checkmy.dev/147/tellus-s2-vx-46-20l.jpg;"TELLUS S2 VX 46 20L";6939;Entretien;58.330000;70;0;1
106;https://pl.checkmy.dev/146/tellus-s2-vx32-20l.jpg;"Tellus S2 VX32 20L";6938;Entretien;70.000000;84;0;1
105;https://pl.checkmy.dev/145/tellus-s2-vx32-209l.jpg;"Tellus S2 VX32 209L";6937;Entretien;660.000000;792;0;1
104;https://pl.checkmy.dev/144/tellus-s2-vx-22-20l.jpg;"Tellus S2 VX 22 20L";7553;Entretien;76.670000;92;0;1
103;https://pl.checkmy.dev/143/shell-naturelle-hf-e-46-20l.jpg;"Shell Naturelle HF-E 46 20L";7815;Entretien;119.520000;143.42;0;1
102;https://pl.checkmy.dev/142/actilub-hv46-bidon-20l.jpg;"Actilub HV46 Bidon 20L";9379;Entretien;36.800000;44.16;0;1
101;https://pl.checkmy.dev/141/actilub-hv46-1000l.jpg;"Actilub HV46 1000L";8946;Entretien;1770.000000;2124;0;1
100;https://pl.checkmy.dev/139/plaque-de-calage.jpg;"Patin carré";;Accueil;0.000000;47.88;0;1
99;https://pl.checkmy.dev/138/enrouleur-de-sangle.jpg;"Enrouleur de sangle";18341;Accueil;16.200000;19.44;0;1
98;https://pl.checkmy.dev/137/agrafe-de-pompe-a-graisse-4-mors.jpg;"AGRAFE DE POMPE A GRAISSE 4 MORS";10331;Entretien;3.550000;4.26;0;1
97;https://pl.checkmy.dev/136/coffret-graisseurs-160-pcs.jpg;"COFFRET GRAISSEURS 160 PCS";10369;Entretien;90.910000;109.09;0;1
95;https://pl.checkmy.dev/134/pistolet-de-graissage-manuel-prof.jpg;"PISTOLET DE GRAISSAGE MANUEL PROF";10300;Accueil;72.620000;87.14;0;1
93;https://pl.checkmy.dev/132/bac-recuperateur-huile-au-sol-50l-.jpg;"BAC RECUPERATEUR HUILE AU SOL 50L";07233;Entretien;536.900000;644.28;0;1
92;https://pl.checkmy.dev/131/bac-recuperateur-huile-au-sol-24l-600x400x150.jpg;"BAC RECUPERATEUR HUILE AU SOL 24L";07235;Entretien;154.700000;185.64;0;1
91;https://pl.checkmy.dev/130/ensemble-pompe-pneumatique-pour-graisse-5060kg-tuyau-10m-avec-chariot.jpg;"ENSEMBLE POMPE PNEUMATIQUE POUR GRAISSE 50/60KG TUYAU 10M AVEC CHARIOT";07130;Entretien;453.180000;543.82;0;1
90;https://pl.checkmy.dev/129/kit-graissage-mobile-50-60kgs-501-1500gmn-340-385mm.jpg;"KIT GRAISSAGE MOBILE 50-60KGS 50:1 1500G/MN 340-385MM";07266;Entretien;707.980000;849.58;0;1
89;https://pl.checkmy.dev/128/ensemble-pompe-pneumatique-pour-graisse-180220kg-501-tuyau-4m-avec-chariot.jpg;"ENSEMBLE POMPE PNEUMATIQUE POUR GRAISSE 180/220KG 50:1 TUYAU 4M AVEC CHARIOT";07135;Entretien;573.300000;687.96;0;1
88;https://pl.checkmy.dev/127/ensemble-pneumatique-huileenrouleur-180-220-kgs-31-940mm-pistolet-digital.jpg;"ENSEMBLE PNEUMATIQUE HUILE+ENROULEUR 180-220 KGS 3:1- 940mm- PISTOLET DIGITAL";07149;Entretien;900.900000;1081.08;0;1
87;https://pl.checkmy.dev/126/pompe-de-transvasement-profzinguee.jpg;"POMPE DE TRANSVASEMENT PROF.ZINGUEE";10349;Entretien;36.220000;43.46;0;1
86;https://pl.checkmy.dev/125/pompe-a-huile-rotative-tuyau-flex-bec-verseur.jpg;"POMPE A HUILE ROTATIVE  TUYAU FLEX.+ BEC VERSEUR";08526;Entretien;180.180000;216.22;0;1
85;https://pl.checkmy.dev/124/pompe-a-huile-rotative-a-manivelle-haut-debit.jpg;"POMPE A HUILE ROTATIVE A MANIVELLE HAUT DEBIT";10347;Accueil;227.500000;273;0;1
84;https://pl.checkmy.dev/123/pompe-a-huile-rotative.jpg;"POMPE A HUILE ROTATIVE";10378;Accueil;43.500000;52.2;0;1
83;https://pl.checkmy.dev/122/pompe-delphin-23050.jpg;"POMPE DELPHIN 230/50";08313;Accueil;2356.000000;2827.2;0;1
82;https://pl.checkmy.dev/121/kit-pompe-ad-blue-carenee-pistolet-auto-capteur-integre.jpg;"KIT POMPE AD BLUE CARÉNÉE + PISTOLET AUTO CAPTEUR INTÉGRÉ";08311;Accueil;1119.300000;1343.16;0;1
81;https://pl.checkmy.dev/120/pompe-ad-blue-compteur-k24-pistolet-sb325.jpg;"POMPE AD BLUE + COMPTEUR K24 + PISTOLET SB325";08584;Accueil;908.180000;1089.82;0;1
80;https://pl.checkmy.dev/119/vp1-045-r.jpg;VP1-130-L;3784501;Hydraulique;2780.000000;3336;0;1
79;https://pl.checkmy.dev/118/vp1-045-r.jpg;VP1-130-R;3784500;Hydraulique;2780.000000;3336;0;1
78;https://pl.checkmy.dev/117/vp1-045-r.jpg;VP1-095-L;3786001;Hydraulique;2240.000000;2688;0;1
77;https://pl.checkmy.dev/116/vp1-045-r.jpg;VP1-095-R;3786000;Hydraulique;2240.000000;2688;0;1
76;https://pl.checkmy.dev/115/vp1-045-r.jpg;VP1-075-L;3780337;Hydraulique;2300.000000;2760;0;1
75;https://pl.checkmy.dev/114/vp1-045-r.jpg;VP1-075-R;3780336;Hydraulique;2300.000000;2760;0;1
74;https://pl.checkmy.dev/225/vp1-045-r.jpg;VP1-045-L;3780335;Hydraulique;2220.000000;2664;0;1
73;https://pl.checkmy.dev/226/vp1-045-r.jpg;VP1-045-R;3780334;Accueil;2230.000000;2676;0;1
72;https://pl.checkmy.dev/243/f2-7070-l.jpg;"Pompe F2-70/70-L";3784071;Hydraulique;2260.000000;2712;0;1
71;https://pl.checkmy.dev/239/f2-7070-r.jpg;"Pompe F2-70/70-R";3784070;Hydraulique;2260.000000;2712;0;1
70;https://pl.checkmy.dev/240/f2-5353-l.jpg;"Pompe F2-53/53-L";3781454;Accueil;1958.333333;2350;0;1
69;https://pl.checkmy.dev/237/f2-5353-r.jpg;"Pompe F2-53/53-R";3781453;Accueil;1958.333333;2350;0;1
68;https://pl.checkmy.dev/236/f1-101-r.jpg;"Pompe F1-101-R";3781100;Hydraulique;1233.333333;1480;0;1
67;https://pl.checkmy.dev/235/f1-081-r.jpg;"Pompe F1-081-R";3781080;Hydraulique;1016.666667;1220;0;1
66;https://pl.checkmy.dev/234/f1-061-r.jpg;"Pompe F1-061-R";3781060;Hydraulique;891.666667;1070;0;1
65;https://pl.checkmy.dev/233/f1-051-r.jpg;"Pompe F1-051-R";3781050;Hydraulique;850.000000;1020;0;1
64;https://pl.checkmy.dev/232/f1-041-r.jpg;"Pompe F1-041-R";3781040;Hydraulique;807.500000;969;0;1
62;https://pl.checkmy.dev/231/f1-025-r.jpg;"Pompe F1-025-R";3781024;Accueil;705.000000;846;0;1
61;https://pl.checkmy.dev/94/rotator-cr-300-w25a25.jpg;"Rotator CR 300-W25A25";;Accueil;0.000000;0;0;1
60;https://pl.checkmy.dev/93/groupe-de-filtration.jpg;"Groupe de filtration 30L/min";08509;Accueil;718.900000;862.68;0;1
59;https://pl.checkmy.dev/92/ensemble-pneumatique-huile-180-220-kgs-31-940mm-pistolet-digital.jpg;"ENSEMBLE PNEUMATIQUE HUILE 180-220 KGS 3:1- 940mm- PISTOLET DIGITAL";07145;Accueil;635.180000;762.22;0;1
58;https://pl.checkmy.dev/91/pompe-a-graisse-electrique.jpg;"Pompe à graisse électrique";11440;Accueil;234.780000;281.74;0;1
57;https://pl.checkmy.dev/90/pompe-a-graisse-manuelle.jpg;"Pompe à graisse manuelle";10472;Entretien;19.840000;23.81;0;1
56;https://pl.checkmy.dev/89/chariot-pour-palan-special-poutre-ipn.jpg;"Chariot pour palan spécial poutre IPN";;Palans;0.000000;128.86;0;1
55;https://pl.checkmy.dev/87/palans-a-levier.jpg;"Palan à levier";;Palans;0.000000;150.7;0;1
54;https://pl.checkmy.dev/84/palans-a-chaine-modele-industrie.jpg;"Palan à chaîne modèle industrie";;Palans;0.000000;163.8;0;1
53;https://pl.checkmy.dev/82/palan-a-chaine-professionnel.jpg;"Palan à chaîne Professionnel";;Palans;0.000000;163.8;0;1
52;https://pl.checkmy.dev/81/palan-a-chaine-compact.jpg;"Palan à chaîne compact";15307;Palans;81.900000;98.28;0;1
51;https://pl.checkmy.dev/80/crochet-de-securite-automatique-a-oeil.jpg;"Crochet auto à œil";;Arrimage;0.000000;38.77;0;1
50;https://pl.checkmy.dev/79/crochet-de-securite-automatique-a-chape.jpg;"Crochet auto à chape";;Arrimage;0.000000;43.57;0;1
49;https://pl.checkmy.dev/78/tendeur-d-arrimage-22kn.jpg;"Tendeur d'arrimage";;Accueil;0.000000;128.86;0;1
47;https://pl.checkmy.dev/77/elingues-rondes-sans-fin-5000kg.jpg;"Elingues rondes sans fin 5000kg";;Accueil;0.000000;36.17;0;1
46;https://pl.checkmy.dev/76/sangle-bagagere-.jpg;"Sangle bagagère";18384;Arrimage;18.020000;21.62;0;1
45;https://pl.checkmy.dev/75/sangle-bagagere.jpg;"Sangle Bagagère";18381;Arrimage;16.200000;19.44;0;1
44;https://pl.checkmy.dev/74/sangle-d-amarrage-5t.jpg;"Sangle d'amarrage 5T";;Arrimage;0.000000;20.9;0;1
43;https://pl.checkmy.dev/73/sangle-d-arrimage-5t-cliquet-inverse.jpg;"Sangle d'arrimage 5T cliquet inversé";;Sangles;0.000000;28.2;0;1
42;https://pl.checkmy.dev/72/sangle-d-arrimage-4t.jpg;"Sangle d'arrimage 4T";;Arrimage;0.000000;19.2;0;1
41;https://pl.checkmy.dev/71/sangle-d-arrimage-2t.jpg;"Sangle d'arrimage 2T";;Arrimage;0.000000;14.26;0;1
40;https://pl.checkmy.dev/70/sangle-d-arrimage.jpg;"Sangle d'arrimage";18385;Arrimage;12.560000;15.07;0;1
39;https://pl.checkmy.dev/68/sangle-bagagere.jpg;"Sangle bagagère";18382;Accueil;4.540000;5.45;0;1
38;https://pl.checkmy.dev/67/lot-de-2-sangles-bagageres.jpg;"Lot de 2 sangles bagagères";18380;Accueil;5.280000;6.34;0;1
37;https://pl.checkmy.dev/66/elingues-rondes-sans-fin-4000kg.jpg;"Elingues Rondes Sans fin 4t";;Accueil;0.000000;18.98;0;1
36;https://pl.checkmy.dev/65/elingues-rondes-sans-fin-3000kg.jpg;"Elingues rondes sans fin 3t";;Accueil;0.000000;15.16;0;1
35;https://pl.checkmy.dev/64/elingues-rondes-sans-fin-2000kg.jpg;"Elingues rondes sans fin 2t";;Accueil;0.000000;10.07;0;1
34;https://pl.checkmy.dev/63/elingues-rondes-sans-fin-1000kg.jpg;"Elingues rondes sans fin 1t";;Accueil;0.000000;3.73;0;1
33;https://pl.checkmy.dev/62/elingue-plate-avec-boucles-5000kg.jpg;"Elingue plate avec boucles 5t";19449;Accueil;45.430000;54.52;0;1
32;https://pl.checkmy.dev/61/elingue-plate-avec-boucles-4000kg.jpg;"Elingue plate avec boucles 4t";18459;Accueil;26.550000;31.86;0;1
31;https://pl.checkmy.dev/60/elingue-plate-avec-boucles-3000kg.jpg;"Elingue plate avec boucles 3t";;Accueil;0.000000;16.22;0;1
30;https://pl.checkmy.dev/59/elingue-plate-avec-boucle.jpg;"Elingue plate avec boucle 2t";;Accueil;0.000000;10.15;0;1
29;https://pl.checkmy.dev/58/elingues-plates-avec-boucles.jpg;"Élingues plates avec boucles 1t";19398;Accueil;4.990000;5.99;0;1
28;https://pl.checkmy.dev/57/elingue-chaine-2-brin.jpg;"ELINGUE CHAINE 2 BRIN";;Accueil;0.000000;194.93;0;1
27;https://pl.checkmy.dev/56/elingue-chaine-avec-crochet-et-raccourcisseur.jpg;"Elingue Chaine 1 BRIN";;Accueil;0.000000;126.13;0;1
26;https://pl.checkmy.dev/53/pads-face-caoutchouc.jpg;"Pads face caoutchouc";151.10/50R;Accueil;0.000000;102.84;10;0
25;https://pl.checkmy.dev/37/pad-conductif.jpg;"Pad conductif";151.C505040;Accueil;154.760000;185.71;10;0
24;https://pl.checkmy.dev/39/pad-incline.jpg;"Pad incliné";;Accueil;0.000000;239.04;0;1
23;https://pl.checkmy.dev/27/shoes-rectangulaire-.jpg;"Shoes rectangulaire";151.SPPR580280;Accueil;245.400000;294.48;40;0
22;https://pl.checkmy.dev/47/bastaing.jpg;Bastaing;;Accueil;0.000000;57;0;1
20;https://pl.checkmy.dev/24/patin-de-calage-rond.jpg;"Patin de calage rond";151.SPP400;Accueil;0.000000;154.5;10;0
